,Supplier_Lead_Time,Inventory_Levels,Order_Frequency,Delivery_Performance,Cost_Per_Unit
Supplier_Lead_Time,1.0,0.17533616339998442,-0.8431412936756506,-0.8655578049708565,0.9591108645127964
Inventory_Levels,0.17533616339998442,1.0,-0.09606914360916836,-0.2150780541334082,0.22150660267700473
Order_Frequency,-0.8431412936756506,-0.09606914360916836,1.0,0.7351129224934225,-0.7997193945083176
Delivery_Performance,-0.8655578049708565,-0.2150780541334082,0.7351129224934225,1.0,-0.8730247475653992
Cost_Per_Unit,0.9591108645127964,0.22150660267700473,-0.7997193945083176,-0.8730247475653992,1.0
